{
  "rows": 98394,
  "yield_mean": 152.44156381486675,
  "yield_std": 36.855205010365495,
  "yield_min": 60.89,
  "yield_max": 226.54
}